subscriber_id,tenure,monthly_charges,total_charges,contract_type,payment_method,dtv_sachet_waiver_active,support_calls,churn
SUB-1001,12,1500,18000,Prepaid,Credit Card,No,1,0
SUB-1002,2,850,1700,Prepaid,Cash,No,4,1
SUB-1003,36,2500,90000,Postpaid 1YR,Bank Transfer,Yes,0,0
SUB-1004,1,450,450,Prepaid,Cash,No,2,1
SUB-1005,60,,180000,Postpaid 2YR,Credit Card,Yes,0,0
SUB-1006,5,1200,6000,Prepaid,Cash,No,3,1
SUB-1007,24,1800,,Postpaid 1YR,Credit Card,No,1,0
SUB-1008,72,3200,230400,Postpaid 2YR,Bank Transfer,Yes,0,0
SUB-1009,4,900,3600,Prepaid,Cash,No,5,1
SUB-1010,48,2100,100800,Postpaid 1YR,Bank Transfer,Yes,1,0
SUB-1011,1,500,500,Prepaid,Cash,No,3,1
SUB-1012,18,,27000,Postpaid 1YR,Credit Card,No,2,0
SUB-1013,84,4500,378000,Postpaid 2YR,Bank Transfer,Yes,0,0
SUB-1014,3,750,2250,Prepaid,Cash,No,4,1
SUB-1015,14,1600,22400,Prepaid,Credit Card,Yes,1,0
SUB-1016,9,1100,9900,Prepaid,Cash,No,0,0
SUB-1017,1,600,,Prepaid,Cash,No,2,1
SUB-1018,55,2800,154000,Postpaid 2YR,Credit Card,Yes,0,0
SUB-1019,6,1300,7800,Prepaid,Bank Transfer,No,3,1
SUB-1020,32,1900,60800,Postpaid 1YR,Credit Card,Yes,1,0
SUB-1021,119,2179.26,35147.72,Postpaid 1YR,Cash,Yes,25,0
SUB-1022,25,9670.78,862105.1,Postpaid 2YR,Bank Transfer,No,12,0
SUB-1023,94,1490.2,133031.72,Prepaid,Cash,No,0,0
SUB-1024,15,7763.55,472230.67,Postpaid 2YR,Bank Transfer,No,35,0
SUB-1025,113,2949.54,347223.06,Postpaid 2YR,Cash,No,3,1
SUB-1026,28,2648.54,616473.04,Postpaid 1YR,Credit Card,No,25,1
SUB-1027,102,7830.64,38512.14,Prepaid,Bank Transfer,Yes,16,1
SUB-1028,30,3912.2,260957.1,Postpaid 1YR,Credit Card,Yes,27,1
SUB-1029,30,9868.83,236567.79,Prepaid,Bank Transfer,Yes,21,0
SUB-1030,79,9122.17,502586.96,Postpaid 2YR,Credit Card,No,17,0
SUB-1031,78,7889.01,872985.39,Prepaid,Credit Card,Yes,46,1
SUB-1032,35,7748.51,308265.5,Prepaid,Cash,No,31,0
SUB-1033,26,5850.4,936925.01,Postpaid 1YR,Cash,No,13,0
SUB-1034,45,2654.55,472297.48,Prepaid,Cash,No,11,0
SUB-1035,10,1475.66,88693.39,Postpaid 2YR,Bank Transfer,No,26,1
SUB-1036,48,8197.89,256533.47,Prepaid,Credit Card,No,35,1
SUB-1037,54,2159.59,319745.82,Prepaid,Bank Transfer,No,23,1
SUB-1038,42,1211.59,659390.04,Postpaid 1YR,Cash,Yes,40,1
SUB-1039,5,8797.58,515157.18,Postpaid 1YR,Cash,No,1,1
SUB-1040,117,4941.14,643861.16,Postpaid 1YR,Credit Card,Yes,3,0
SUB-1041,0,8209.85,770049.92,Postpaid 1YR,Cash,No,31,1
SUB-1042,56,8713.75,312983.79,Postpaid 1YR,Cash,No,9,0
SUB-1043,101,269.73,464954.51,Postpaid 2YR,Cash,Yes,45,1
SUB-1044,40,1268.9,530166.73,Prepaid,Credit Card,Yes,1,1
SUB-1045,36,8336.46,114728.19,Postpaid 1YR,Cash,Yes,20,0
SUB-1046,23,1878.32,681041.37,Postpaid 2YR,Credit Card,No,10,1
SUB-1047,8,2696.71,982618.2,Postpaid 2YR,Bank Transfer,Yes,18,1
SUB-1048,28,6588.32,285018.01,Postpaid 1YR,Bank Transfer,Yes,39,1
SUB-1049,85,1112.92,494775.07,Postpaid 1YR,Cash,No,13,0
SUB-1050,117,8833.37,420347.96,Postpaid 1YR,Bank Transfer,No,34,1
SUB-1051,14,4978.79,355135.06,Postpaid 2YR,Credit Card,Yes,44,1
SUB-1052,14,6451.91,517769.66,Postpaid 2YR,Cash,No,20,1
SUB-1053,9,550.61,73227.14,Postpaid 2YR,Credit Card,No,21,1
SUB-1054,49,2117.22,695949.72,Postpaid 2YR,Credit Card,No,45,0
SUB-1055,14,1601.76,695533.8,Prepaid,Bank Transfer,Yes,48,0
SUB-1056,58,3169.39,763688.9,Postpaid 1YR,Bank Transfer,No,19,1
SUB-1057,111,8981.67,99946.61,Postpaid 2YR,Credit Card,Yes,21,0
SUB-1058,34,2102.34,598655.65,Postpaid 2YR,Credit Card,No,19,1
SUB-1059,30,2216.66,175046.99,Postpaid 2YR,Cash,Yes,0,1
SUB-1060,68,2972.53,431559.54,Prepaid,Cash,Yes,48,1
SUB-1061,111,3551.47,387766.51,Postpaid 2YR,Credit Card,No,10,1
SUB-1062,99,6924.16,411246.92,Postpaid 1YR,Bank Transfer,Yes,12,1
SUB-1063,45,5801.51,124601.66,Prepaid,Credit Card,Yes,40,1
SUB-1064,86,6776.51,84203.98,Postpaid 2YR,Credit Card,No,43,0
SUB-1065,73,7302.92,212815.6,Prepaid,Credit Card,No,3,1
SUB-1066,92,2280.03,340792.6,Postpaid 1YR,Credit Card,No,10,0
SUB-1067,63,4034.54,758677.56,Postpaid 1YR,Credit Card,Yes,15,0
SUB-1068,62,4803.43,990748.98,Postpaid 1YR,Cash,No,41,1
SUB-1069,120,330.97,722176.98,Prepaid,Credit Card,Yes,7,1
SUB-1070,50,7710.46,265677.17,Prepaid,Bank Transfer,Yes,34,0
SUB-1071,14,4387.38,856747.41,Postpaid 2YR,Bank Transfer,No,30,1
SUB-1072,96,366.16,623604.63,Postpaid 2YR,Cash,Yes,12,1
SUB-1073,74,5960.93,655705.76,Prepaid,Credit Card,Yes,46,1
SUB-1074,82,8952.03,996056.48,Prepaid,Cash,Yes,2,1
SUB-1075,53,6802.43,558525.65,Postpaid 1YR,Bank Transfer,Yes,23,1
SUB-1076,104,1493.78,576647.42,Postpaid 1YR,Credit Card,Yes,34,0
SUB-1077,90,1683.71,214161.44,Postpaid 1YR,Cash,Yes,32,1
SUB-1078,8,7180.43,830199.62,Postpaid 1YR,Cash,No,46,0
SUB-1079,5,5061.58,420685.56,Prepaid,Cash,Yes,42,0
SUB-1080,26,8524.81,65573.08,Postpaid 2YR,Bank Transfer,Yes,4,1
SUB-1081,46,8524.64,449662.3,Postpaid 2YR,Credit Card,Yes,21,0
SUB-1082,69,5326.47,449348.96,Prepaid,Credit Card,No,9,1
SUB-1083,36,1391.69,465415.29,Postpaid 1YR,Credit Card,Yes,34,0
SUB-1084,81,6551.18,4677.93,Postpaid 1YR,Credit Card,No,1,0
SUB-1085,25,9007.97,967596.01,Postpaid 1YR,Cash,Yes,7,0
SUB-1086,47,1432.82,645008.39,Prepaid,Credit Card,Yes,1,1
SUB-1087,8,4281.76,199129.97,Postpaid 2YR,Credit Card,Yes,45,1
SUB-1088,12,4148.78,820598.07,Postpaid 2YR,Bank Transfer,No,50,0
SUB-1089,19,6969.24,227291.44,Prepaid,Cash,No,49,1
SUB-1090,26,5448.33,200591.22,Postpaid 1YR,Credit Card,Yes,13,1
SUB-1091,97,6135.68,405516.08,Postpaid 1YR,Bank Transfer,Yes,42,1
SUB-1092,109,1509.83,170365.31,Postpaid 1YR,Bank Transfer,Yes,10,1
SUB-1093,25,337.12,60229.45,Postpaid 1YR,Cash,No,4,0
SUB-1094,12,5392.09,195592.67,Prepaid,Bank Transfer,No,13,0
SUB-1095,3,5508.62,319407.58,Postpaid 1YR,Cash,No,36,0
SUB-1096,82,1472,279244.17,Postpaid 1YR,Cash,No,8,0
SUB-1097,63,9416.19,801682.13,Postpaid 2YR,Bank Transfer,No,4,0
SUB-1098,84,5859.49,623477.74,Postpaid 2YR,Credit Card,No,49,0
SUB-1099,14,8095.85,249861.75,Prepaid,Cash,No,23,1
SUB-1100,34,523.39,531154.17,Prepaid,Credit Card,No,16,1
SUB-1101,59,2041.24,973440.97,Prepaid,Bank Transfer,No,45,1
SUB-1102,89,6557.77,862866.38,Postpaid 1YR,Bank Transfer,No,34,0
SUB-1103,47,860.37,311770.01,Prepaid,Bank Transfer,No,16,1
SUB-1104,90,356.16,587651.87,Prepaid,Cash,Yes,8,0
SUB-1105,36,1979.93,180988.22,Prepaid,Credit Card,Yes,33,1
SUB-1106,85,8446.42,734599.32,Prepaid,Bank Transfer,No,22,0
SUB-1107,95,4609.21,485268.33,Postpaid 2YR,Credit Card,No,36,0
SUB-1108,82,5943.82,695755.37,Prepaid,Bank Transfer,Yes,14,0
SUB-1109,111,1657.87,995408.4,Postpaid 2YR,Credit Card,Yes,5,1
SUB-1110,39,7175.55,411315.15,Postpaid 2YR,Credit Card,Yes,30,0
SUB-1111,75,6073.3,545638.06,Postpaid 2YR,Bank Transfer,No,48,1
SUB-1112,49,8944.05,240964.88,Postpaid 1YR,Bank Transfer,No,39,0
SUB-1113,0,9062.95,513907.5,Postpaid 2YR,Credit Card,No,21,0
SUB-1114,11,7514.84,259936.38,Prepaid,Bank Transfer,Yes,7,1
SUB-1115,86,2980.23,669614.72,Prepaid,Cash,Yes,49,1
SUB-1116,57,6968.4,732297.73,Postpaid 1YR,Bank Transfer,Yes,28,1
SUB-1117,23,3805.05,413190.53,Postpaid 1YR,Bank Transfer,Yes,31,1
SUB-1118,104,6414.95,650972.01,Prepaid,Bank Transfer,Yes,28,0
SUB-1119,53,7277.66,703955.46,Postpaid 1YR,Cash,Yes,32,0
SUB-1120,73,7781.2,901594.48,Postpaid 1YR,Credit Card,Yes,13,1
SUB-1121,14,6777.44,68236.28,Postpaid 1YR,Bank Transfer,No,43,0
SUB-1122,40,7729.94,908006.44,Postpaid 2YR,Bank Transfer,Yes,26,1
SUB-1123,58,4223.68,423259.23,Prepaid,Credit Card,No,34,0
SUB-1124,45,2925.99,644487.19,Prepaid,Cash,Yes,24,1
SUB-1125,88,6705.36,512750.18,Prepaid,Bank Transfer,No,47,0
SUB-1126,85,5909.44,81122.78,Prepaid,Credit Card,Yes,14,0
SUB-1127,94,5671.69,250805.27,Postpaid 1YR,Credit Card,No,24,1
SUB-1128,44,710.47,153415.04,Postpaid 1YR,Credit Card,Yes,31,1
SUB-1129,13,2207.49,749911.17,Postpaid 2YR,Credit Card,Yes,0,0
SUB-1130,119,1621.26,709701.56,Prepaid,Bank Transfer,Yes,46,0
SUB-1131,27,7648.8,175502.32,Postpaid 2YR,Credit Card,No,38,0
SUB-1132,106,3072.56,48094.27,Prepaid,Cash,No,50,1
SUB-1133,70,3576.59,780182.03,Postpaid 2YR,Bank Transfer,Yes,3,1
SUB-1134,34,5592.46,156268.86,Prepaid,Bank Transfer,Yes,21,0
SUB-1135,25,412.06,255129.64,Prepaid,Bank Transfer,Yes,23,1
SUB-1136,42,5303.45,99904.61,Postpaid 1YR,Credit Card,No,26,0
SUB-1137,81,5134.47,959177.88,Postpaid 1YR,Credit Card,Yes,0,0
SUB-1138,117,8091.47,76786.53,Postpaid 2YR,Bank Transfer,Yes,16,0
SUB-1139,114,3824.38,894544.9,Postpaid 2YR,Bank Transfer,Yes,16,1
SUB-1140,25,8326.17,138691.24,Postpaid 2YR,Credit Card,Yes,25,0
SUB-1141,61,7323.77,404524.17,Postpaid 1YR,Credit Card,Yes,45,0
SUB-1142,13,5785.58,66470,Prepaid,Bank Transfer,Yes,48,1
SUB-1143,44,3437.81,930348.22,Postpaid 1YR,Bank Transfer,No,47,1
SUB-1144,25,9240.74,237579.25,Postpaid 2YR,Credit Card,Yes,41,0
SUB-1145,88,3252.31,264824.02,Prepaid,Bank Transfer,Yes,22,1
SUB-1146,53,7262.59,298786.62,Postpaid 2YR,Bank Transfer,No,20,0
SUB-1147,20,7477.53,651538.68,Postpaid 2YR,Cash,No,5,1
SUB-1148,81,5692.34,722040.75,Prepaid,Credit Card,Yes,36,0
SUB-1149,93,3674.69,863152.62,Prepaid,Bank Transfer,Yes,1,0
SUB-1150,112,4152.9,200671.36,Prepaid,Cash,Yes,0,1
SUB-1151,56,4686.07,991202.11,Prepaid,Credit Card,Yes,10,1
SUB-1152,89,6064.61,86203.67,Postpaid 2YR,Credit Card,Yes,12,1
SUB-1153,18,2029.35,804505.08,Prepaid,Bank Transfer,Yes,23,1
SUB-1154,8,4480.32,131780.85,Postpaid 2YR,Credit Card,No,46,1
SUB-1155,113,2597.72,850188.08,Postpaid 2YR,Bank Transfer,No,10,1
SUB-1156,17,298.77,220834.24,Postpaid 1YR,Bank Transfer,Yes,48,0
SUB-1157,36,8412.31,118794.45,Postpaid 1YR,Bank Transfer,Yes,1,0
SUB-1158,45,373.62,590035.05,Postpaid 2YR,Cash,Yes,45,1
SUB-1159,100,2266.06,380642.94,Prepaid,Cash,No,15,0
SUB-1160,20,1863.56,672683.55,Prepaid,Credit Card,No,18,0
SUB-1161,20,7360.18,878415.38,Postpaid 1YR,Bank Transfer,No,41,1
SUB-1162,41,8361.11,333609.56,Postpaid 2YR,Credit Card,Yes,16,0
SUB-1163,23,2726.61,587125.49,Postpaid 1YR,Bank Transfer,No,20,1
SUB-1164,56,7473.13,64739.37,Prepaid,Credit Card,Yes,5,1
SUB-1165,105,214.45,728700.99,Postpaid 2YR,Credit Card,No,33,0
SUB-1166,90,6065.03,70410.05,Postpaid 1YR,Bank Transfer,No,46,0
SUB-1167,86,1853.45,15295.48,Postpaid 1YR,Credit Card,No,13,0
SUB-1168,119,8872.09,802429.03,Postpaid 2YR,Credit Card,No,20,1
SUB-1169,79,3157.32,959672.45,Postpaid 2YR,Bank Transfer,Yes,32,0
SUB-1170,5,6748.36,129300.49,Postpaid 2YR,Bank Transfer,Yes,16,1
SUB-1171,28,5255.87,142177.84,Postpaid 1YR,Cash,No,7,1
SUB-1172,19,304.72,135707.42,Postpaid 2YR,Bank Transfer,Yes,25,1
SUB-1173,77,9366.74,802731.13,Postpaid 1YR,Credit Card,No,16,1
SUB-1174,95,9290.4,553936.97,Prepaid,Bank Transfer,No,39,0
SUB-1175,61,7928.68,171576.63,Postpaid 1YR,Cash,No,17,0
SUB-1176,24,4197.84,549346.6,Postpaid 2YR,Cash,Yes,38,0
SUB-1177,14,5913.78,192808.64,Postpaid 1YR,Cash,Yes,39,1
SUB-1178,46,2940.86,335858.98,Prepaid,Credit Card,No,42,0
SUB-1179,8,7676.54,464207.08,Postpaid 1YR,Credit Card,No,32,0
SUB-1180,20,7426.35,37999.75,Postpaid 2YR,Credit Card,No,49,0
SUB-1181,45,9223.43,764152.06,Prepaid,Credit Card,Yes,29,0
SUB-1182,29,3731.24,780280.73,Prepaid,Credit Card,Yes,5,1
SUB-1183,80,4541.84,929815.73,Postpaid 1YR,Cash,Yes,10,0
SUB-1184,95,3653.83,580875.56,Postpaid 2YR,Credit Card,No,13,1
SUB-1185,42,7477.45,32409.45,Postpaid 1YR,Cash,No,47,1
SUB-1186,41,8917.27,671444.92,Prepaid,Bank Transfer,No,15,0
SUB-1187,71,5938.61,883717.88,Prepaid,Cash,Yes,48,0
SUB-1188,73,6018.01,24110.31,Postpaid 1YR,Cash,Yes,3,0
SUB-1189,89,6112.01,201528.68,Postpaid 2YR,Credit Card,No,0,1
SUB-1190,1,5633.92,805588.07,Postpaid 2YR,Cash,Yes,36,0
SUB-1191,19,5483.98,101712.9,Postpaid 2YR,Credit Card,No,16,1
SUB-1192,109,2839.31,88242.57,Postpaid 2YR,Credit Card,No,5,1
SUB-1193,75,55.51,19073.8,Prepaid,Bank Transfer,No,33,1
SUB-1194,17,8351.77,600984.2,Postpaid 2YR,Bank Transfer,No,6,1
SUB-1195,113,9473.42,223676.19,Prepaid,Cash,Yes,48,0
SUB-1196,40,5589.95,231810.44,Postpaid 1YR,Bank Transfer,No,29,1
SUB-1197,32,5379.04,778158.37,Postpaid 2YR,Cash,No,11,1
SUB-1198,40,7952.01,75587.37,Prepaid,Bank Transfer,Yes,30,0
SUB-1199,3,9364.94,845598.18,Postpaid 2YR,Bank Transfer,Yes,15,1
SUB-1200,46,4839.83,198899.17,Prepaid,Bank Transfer,No,24,1
SUB-1201,4,9790.13,575984.04,Postpaid 1YR,Credit Card,No,46,0
SUB-1202,54,3396.15,534492.05,Postpaid 1YR,Credit Card,No,39,0
SUB-1203,5,6292.71,762344.24,Postpaid 1YR,Credit Card,Yes,30,1
SUB-1204,47,5798.47,673862.9,Prepaid,Bank Transfer,No,28,1
SUB-1205,100,6635.22,533875.61,Prepaid,Credit Card,Yes,35,1
SUB-1206,30,9143.49,243252.45,Prepaid,Cash,No,6,0
SUB-1207,68,343.45,956426.63,Postpaid 1YR,Credit Card,Yes,28,0
SUB-1208,91,8140.73,899914.2,Postpaid 2YR,Bank Transfer,Yes,34,1
SUB-1209,33,7229.29,181882.05,Prepaid,Cash,Yes,28,1
SUB-1210,47,4604.43,161033.81,Prepaid,Credit Card,No,45,0
SUB-1211,82,2213.88,868788.06,Postpaid 2YR,Bank Transfer,Yes,35,1
SUB-1212,118,2702.6,857018.85,Prepaid,Credit Card,Yes,36,0
SUB-1213,90,5608.27,613379.57,Postpaid 2YR,Bank Transfer,Yes,39,0
SUB-1214,99,3780.11,894714.53,Postpaid 1YR,Credit Card,No,40,0
SUB-1215,83,8029.43,661570.56,Prepaid,Credit Card,Yes,15,1
SUB-1216,108,3068.67,943198.95,Postpaid 1YR,Cash,No,13,0
SUB-1217,4,121.3,620658.36,Prepaid,Credit Card,Yes,42,0
SUB-1218,49,3883.69,692109.28,Postpaid 1YR,Cash,No,13,1
SUB-1219,80,4953.24,956152.44,Postpaid 1YR,Cash,Yes,49,1
SUB-1220,104,6158.41,118138.25,Postpaid 1YR,Cash,No,5,0
SUB-1221,91,1680.58,541944.12,Postpaid 1YR,Cash,No,18,0
SUB-1222,23,8306.68,493240.15,Postpaid 2YR,Credit Card,No,9,1
SUB-1223,51,7470.64,686322.75,Postpaid 1YR,Credit Card,No,48,1
SUB-1224,97,4417.53,702401.8,Prepaid,Credit Card,Yes,40,0
SUB-1225,54,9092.91,99693.15,Prepaid,Credit Card,Yes,50,0
SUB-1226,86,736.51,188136.87,Postpaid 1YR,Cash,Yes,28,1
SUB-1227,102,3106.11,264033.6,Prepaid,Bank Transfer,Yes,15,0
SUB-1228,105,4982.88,711911.77,Prepaid,Bank Transfer,No,29,1
SUB-1229,66,1229.65,965443.03,Postpaid 2YR,Bank Transfer,No,18,1
SUB-1230,51,3937.59,752166.01,Postpaid 1YR,Bank Transfer,No,1,0
SUB-1231,76,3415.02,924059.96,Prepaid,Credit Card,Yes,46,1
SUB-1232,45,3778.46,881242.59,Postpaid 1YR,Cash,Yes,13,1
SUB-1233,76,4604.66,217851.19,Postpaid 1YR,Bank Transfer,No,18,0
SUB-1234,6,2076.26,861639.42,Postpaid 1YR,Credit Card,No,10,1
SUB-1235,69,2697.94,384877.12,Postpaid 2YR,Bank Transfer,No,20,0
SUB-1236,115,1244.28,326817.49,Postpaid 2YR,Cash,Yes,31,0
SUB-1237,72,9303.22,472656.48,Postpaid 2YR,Cash,No,41,0
SUB-1238,95,8724.92,165616.59,Postpaid 2YR,Bank Transfer,No,40,0
SUB-1239,104,8878.9,438972.78,Postpaid 1YR,Bank Transfer,No,27,0
SUB-1240,15,2728.3,711924.78,Postpaid 1YR,Bank Transfer,No,47,1
SUB-1241,53,1276.7,148014.57,Postpaid 1YR,Credit Card,Yes,47,0
SUB-1242,112,303.73,688666.5,Postpaid 1YR,Credit Card,Yes,37,1
SUB-1243,59,8943.28,234240.44,Prepaid,Cash,Yes,33,0
SUB-1244,102,2237.94,213468.72,Postpaid 2YR,Cash,Yes,27,1
SUB-1245,82,5416.79,460335.93,Prepaid,Cash,No,48,1
SUB-1246,18,5982.03,648957.01,Postpaid 2YR,Cash,Yes,7,1
SUB-1247,24,9998.04,606586.56,Postpaid 1YR,Credit Card,Yes,29,0
SUB-1248,77,7269.47,298500.48,Postpaid 1YR,Bank Transfer,No,46,1
SUB-1249,3,5587.15,428591.71,Postpaid 1YR,Bank Transfer,No,7,1
SUB-1250,116,7778.08,574904.47,Postpaid 2YR,Bank Transfer,Yes,3,0
SUB-1251,118,4203.25,569352.44,Postpaid 2YR,Bank Transfer,Yes,38,0
SUB-1252,118,5755.63,239322.39,Postpaid 2YR,Credit Card,No,9,1
SUB-1253,51,1238.82,332805.89,Postpaid 2YR,Cash,Yes,45,1
SUB-1254,96,792.73,206059.21,Prepaid,Bank Transfer,No,16,0
SUB-1255,42,3366.64,197710.57,Prepaid,Bank Transfer,Yes,48,0
SUB-1256,3,8432.27,334640.56,Prepaid,Credit Card,No,48,0
SUB-1257,93,1965.31,484911.76,Postpaid 2YR,Cash,Yes,41,1
SUB-1258,9,5994.36,688079.75,Postpaid 2YR,Bank Transfer,Yes,2,0
SUB-1259,70,7393.97,890677.47,Postpaid 2YR,Credit Card,Yes,40,1
SUB-1260,84,4010,413795.9,Postpaid 1YR,Bank Transfer,Yes,33,1
SUB-1261,42,5964.59,40592.64,Postpaid 2YR,Bank Transfer,Yes,40,1
SUB-1262,110,1215.55,914601.16,Postpaid 2YR,Bank Transfer,No,25,1
SUB-1263,78,9310.12,727639.09,Prepaid,Credit Card,Yes,36,0
SUB-1264,75,8157.5,735536.57,Prepaid,Bank Transfer,No,23,0
SUB-1265,114,3053.33,478831.35,Prepaid,Bank Transfer,Yes,21,1
SUB-1266,37,2964.3,609.85,Postpaid 2YR,Cash,No,17,0
SUB-1267,80,6651.14,336598.02,Postpaid 2YR,Cash,Yes,21,0
SUB-1268,5,9233.47,388341.2,Prepaid,Bank Transfer,Yes,43,1
SUB-1269,44,4833.14,997012.41,Prepaid,Credit Card,No,23,1
SUB-1270,17,2554.2,178432.16,Postpaid 1YR,Credit Card,Yes,18,1
SUB-1271,12,3430.98,218249.52,Prepaid,Cash,No,6,0
SUB-1272,96,7622.7,710668.62,Postpaid 1YR,Bank Transfer,No,18,0
SUB-1273,50,3792.2,532141.57,Prepaid,Credit Card,Yes,43,1
SUB-1274,28,3366.94,769059.09,Prepaid,Bank Transfer,No,0,1
SUB-1275,87,7415.37,937060.96,Prepaid,Cash,No,25,0
SUB-1276,94,7584.4,547461.4,Postpaid 2YR,Credit Card,Yes,13,0
SUB-1277,63,1878.02,791747.81,Postpaid 1YR,Bank Transfer,Yes,26,0
SUB-1278,100,3316.54,76590.53,Postpaid 2YR,Cash,Yes,38,1
SUB-1279,1,1779.55,576911.89,Postpaid 2YR,Credit Card,Yes,34,1
SUB-1280,68,8276.93,898708.68,Postpaid 1YR,Cash,No,16,1
SUB-1281,13,7971.3,447756.54,Postpaid 1YR,Credit Card,No,23,1
SUB-1282,30,1914.26,484844.06,Postpaid 2YR,Bank Transfer,No,11,1
SUB-1283,92,1512.71,663263.1,Postpaid 2YR,Credit Card,Yes,3,0
SUB-1284,110,2581.38,703723.89,Postpaid 2YR,Cash,No,40,1
SUB-1285,36,6802.37,519274.16,Postpaid 2YR,Cash,Yes,3,0
SUB-1286,116,99.9,688503.98,Postpaid 2YR,Credit Card,No,27,1
SUB-1287,3,8209.97,311620.58,Postpaid 1YR,Bank Transfer,Yes,8,0
SUB-1288,15,3012.75,308137.25,Postpaid 1YR,Credit Card,Yes,50,1
SUB-1289,92,5725.73,656352.85,Postpaid 2YR,Cash,No,44,1
SUB-1290,4,4764.38,229718.03,Postpaid 2YR,Cash,Yes,0,1
SUB-1291,111,1105.7,260637.26,Postpaid 1YR,Bank Transfer,Yes,16,1
SUB-1292,9,1172.56,821107.17,Prepaid,Cash,No,49,1
SUB-1293,106,3417.1,208432.49,Postpaid 2YR,Bank Transfer,Yes,20,1
SUB-1294,46,5203.62,994039.19,Prepaid,Credit Card,No,32,1
SUB-1295,54,8217.71,166185.3,Prepaid,Cash,No,2,0
SUB-1296,3,6505.29,425052.49,Postpaid 2YR,Credit Card,No,28,1
SUB-1297,106,254.12,424307.47,Postpaid 1YR,Bank Transfer,Yes,24,0
SUB-1298,17,3641.79,648806.43,Postpaid 2YR,Cash,Yes,24,1
SUB-1299,66,4906.73,283113.83,Postpaid 1YR,Credit Card,Yes,32,1
SUB-1300,25,3453.09,514707.76,Postpaid 1YR,Cash,Yes,34,0
SUB-1301,92,1591.09,567172.47,Postpaid 1YR,Bank Transfer,Yes,41,0
SUB-1302,51,4761.1,892045.57,Postpaid 1YR,Bank Transfer,Yes,35,0
SUB-1303,120,7799.25,359913.58,Postpaid 2YR,Bank Transfer,No,8,1
SUB-1304,79,9789.41,470802.83,Postpaid 1YR,Bank Transfer,No,19,0
SUB-1305,115,1804.24,987312.36,Postpaid 1YR,Credit Card,No,41,1
SUB-1306,70,1210.28,516136.02,Prepaid,Bank Transfer,No,29,1
SUB-1307,80,8553.79,528235.07,Postpaid 1YR,Cash,Yes,33,0
SUB-1308,11,7642.25,264270.1,Postpaid 2YR,Bank Transfer,No,35,0
SUB-1309,72,7546.45,986986.73,Prepaid,Cash,No,18,1
SUB-1310,41,1242.73,722610.12,Prepaid,Credit Card,Yes,12,0
SUB-1311,33,9955.56,304151.3,Prepaid,Credit Card,No,7,1
SUB-1312,70,8870.95,550603.49,Postpaid 2YR,Credit Card,No,19,0
SUB-1313,51,5789.81,488725.91,Postpaid 1YR,Cash,Yes,19,1
SUB-1314,98,4638.78,180564.41,Postpaid 1YR,Bank Transfer,No,1,1
SUB-1315,60,5126.3,751385.15,Postpaid 1YR,Bank Transfer,No,34,1
SUB-1316,4,5788.42,300218.2,Postpaid 2YR,Cash,Yes,38,1
SUB-1317,111,3105.06,655939.36,Postpaid 1YR,Credit Card,Yes,10,1
SUB-1318,116,7237.77,738183.88,Postpaid 2YR,Credit Card,No,46,1
SUB-1319,64,8133.94,18517.8,Prepaid,Bank Transfer,No,47,0
SUB-1320,55,9630.07,927784.93,Postpaid 2YR,Bank Transfer,Yes,36,0
SUB-1321,18,1462.61,319054.36,Postpaid 1YR,Credit Card,Yes,18,0
SUB-1322,75,4282.75,521302.95,Postpaid 1YR,Credit Card,No,29,0
SUB-1323,99,4086.65,420459.97,Prepaid,Cash,No,47,0
SUB-1324,108,7564.28,226677.97,Postpaid 1YR,Cash,Yes,30,1
SUB-1325,53,5662.53,389200.78,Postpaid 1YR,Bank Transfer,Yes,5,0
SUB-1326,98,7608.16,245093.14,Postpaid 1YR,Cash,No,11,1
SUB-1327,79,6198.27,390771.32,Postpaid 2YR,Cash,Yes,44,1
SUB-1328,120,9626.15,274580.17,Prepaid,Cash,Yes,33,1
SUB-1329,75,5946.77,326781.45,Postpaid 2YR,Cash,No,30,1
SUB-1330,4,1374.37,918408.18,Postpaid 2YR,Bank Transfer,Yes,11,1
SUB-1331,104,2187.59,68089.99,Postpaid 1YR,Cash,Yes,13,0
SUB-1332,70,5343.64,363600.05,Postpaid 1YR,Credit Card,Yes,12,1
SUB-1333,36,997.37,192072.26,Postpaid 2YR,Cash,Yes,24,1
SUB-1334,86,3075.17,158929.95,Prepaid,Bank Transfer,No,36,0
SUB-1335,45,7034.01,4744.68,Postpaid 1YR,Bank Transfer,Yes,17,1
SUB-1336,3,4627.93,736104.36,Postpaid 1YR,Bank Transfer,No,17,0
SUB-1337,85,5260.84,694754.09,Postpaid 1YR,Bank Transfer,No,12,1
SUB-1338,17,214.88,19248.1,Postpaid 2YR,Cash,No,26,1
SUB-1339,12,178.5,953684.66,Postpaid 2YR,Credit Card,Yes,38,1
SUB-1340,48,4779.78,391184.69,Postpaid 1YR,Cash,Yes,19,1
SUB-1341,44,1640.91,351264.17,Prepaid,Cash,No,21,1
SUB-1342,75,9883.02,456614.42,Postpaid 2YR,Bank Transfer,Yes,11,1
SUB-1343,29,3613.39,633896.42,Postpaid 2YR,Cash,Yes,47,1
SUB-1344,59,9660.76,749299.78,Postpaid 2YR,Credit Card,Yes,12,1
SUB-1345,77,6179.38,356202.62,Postpaid 2YR,Cash,No,42,1
SUB-1346,104,6131.31,456228.27,Postpaid 1YR,Cash,No,43,0
SUB-1347,53,8777.16,362265.27,Prepaid,Credit Card,No,47,1
SUB-1348,58,1799.15,33314.8,Postpaid 1YR,Credit Card,Yes,8,1
SUB-1349,48,7093.72,165090.19,Postpaid 2YR,Cash,No,47,0
SUB-1350,19,1214.01,268149.81,Postpaid 1YR,Bank Transfer,No,7,0
SUB-1351,101,8990.38,920775.16,Postpaid 1YR,Bank Transfer,No,48,1
SUB-1352,74,4785.18,938424.59,Postpaid 1YR,Credit Card,Yes,17,1
SUB-1353,49,4302.75,461211.32,Postpaid 1YR,Cash,Yes,36,1
SUB-1354,93,4984.73,408795.85,Postpaid 1YR,Bank Transfer,Yes,34,0
SUB-1355,74,7368.25,699114.97,Prepaid,Bank Transfer,No,42,0
SUB-1356,42,6986.68,490247.57,Prepaid,Cash,Yes,41,0
SUB-1357,53,8209.67,116302.35,Postpaid 1YR,Cash,No,22,1
SUB-1358,98,1962.81,590079.4,Postpaid 1YR,Credit Card,Yes,36,0
SUB-1359,111,3706.26,287078.06,Postpaid 2YR,Cash,Yes,35,0
SUB-1360,81,2862.06,593630.57,Postpaid 2YR,Bank Transfer,No,29,1
SUB-1361,88,1190.06,331248.7,Prepaid,Bank Transfer,Yes,49,1
SUB-1362,63,6227.71,822935.15,Postpaid 2YR,Credit Card,No,16,1
SUB-1363,97,2306.87,856242.75,Prepaid,Credit Card,No,41,0
SUB-1364,49,6294.93,901072.62,Postpaid 2YR,Bank Transfer,No,20,0
SUB-1365,78,6540.13,503093.59,Postpaid 1YR,Credit Card,Yes,15,1
SUB-1366,89,4702.31,200417.25,Postpaid 1YR,Cash,Yes,36,0
SUB-1367,109,6456.77,452347.52,Postpaid 2YR,Credit Card,Yes,22,1
SUB-1368,44,961.91,479003.41,Postpaid 1YR,Cash,No,16,1
SUB-1369,18,9838.23,16161.07,Postpaid 1YR,Bank Transfer,No,37,1
SUB-1370,44,164.87,408178.46,Postpaid 2YR,Bank Transfer,No,21,0
SUB-1371,6,3294.15,540207.39,Prepaid,Cash,No,11,1
SUB-1372,79,5835.68,379863.19,Postpaid 2YR,Credit Card,Yes,14,0
SUB-1373,57,2098.64,636605.02,Prepaid,Credit Card,Yes,26,1
SUB-1374,71,1937.7,35566.51,Prepaid,Bank Transfer,Yes,10,0
SUB-1375,74,9799.74,370600.58,Prepaid,Credit Card,No,34,1
SUB-1376,106,1776.27,679611.21,Postpaid 1YR,Bank Transfer,No,27,1
SUB-1377,44,3859.96,928691.7,Prepaid,Credit Card,Yes,17,0
SUB-1378,14,5419.99,625443.09,Postpaid 1YR,Credit Card,No,18,1
SUB-1379,116,11.5,283297.2,Postpaid 2YR,Credit Card,Yes,40,1
SUB-1380,61,904.13,340180.85,Postpaid 2YR,Bank Transfer,No,27,0
SUB-1381,67,7722.82,553114.63,Prepaid,Bank Transfer,Yes,48,0
SUB-1382,14,4197.55,82800.23,Postpaid 1YR,Cash,Yes,11,1
SUB-1383,48,5970.63,879963.41,Postpaid 2YR,Cash,Yes,43,1
SUB-1384,60,8914.61,319025.36,Prepaid,Credit Card,No,9,0
SUB-1385,118,3731.91,406825.76,Postpaid 1YR,Credit Card,Yes,44,0
SUB-1386,49,7566.28,845851.96,Postpaid 1YR,Bank Transfer,Yes,50,1
SUB-1387,27,2962.55,492404.7,Postpaid 2YR,Bank Transfer,No,37,1
SUB-1388,45,6088.41,365714.16,Prepaid,Bank Transfer,Yes,17,0
SUB-1389,105,6280.58,511271.34,Postpaid 1YR,Credit Card,No,40,0
SUB-1390,63,7981.77,698210.04,Postpaid 1YR,Cash,No,7,0
SUB-1391,80,7147.57,108195.37,Postpaid 2YR,Credit Card,No,46,1
SUB-1392,65,2698.61,577216.66,Postpaid 1YR,Bank Transfer,Yes,25,0
SUB-1393,17,1124.8,725277.22,Postpaid 1YR,Bank Transfer,Yes,45,0
SUB-1394,83,8234.45,397672.72,Postpaid 1YR,Bank Transfer,Yes,11,0
SUB-1395,96,3022.45,534642.83,Prepaid,Bank Transfer,Yes,21,0
SUB-1396,48,3232.3,707257.62,Prepaid,Bank Transfer,No,19,0
SUB-1397,80,2941.37,514919.89,Prepaid,Credit Card,No,33,1
SUB-1398,82,5465.05,504844.7,Postpaid 2YR,Cash,No,21,1
SUB-1399,40,9687.13,359566.3,Postpaid 1YR,Bank Transfer,Yes,35,1
SUB-1400,43,2753.68,844850.09,Postpaid 1YR,Cash,Yes,17,1
SUB-1401,27,4008.53,867048.63,Prepaid,Credit Card,No,21,1
SUB-1402,72,5057.82,719443.26,Prepaid,Credit Card,No,7,0
SUB-1403,89,3633.06,930334.61,Prepaid,Cash,Yes,38,0
SUB-1404,109,3887.49,406466.78,Prepaid,Bank Transfer,Yes,34,1
SUB-1405,79,3454.47,528525.95,Postpaid 2YR,Bank Transfer,No,18,0
SUB-1406,33,3094.62,863333.75,Postpaid 1YR,Credit Card,Yes,2,0
SUB-1407,68,4427.73,150545.97,Postpaid 2YR,Cash,Yes,26,0
SUB-1408,47,2317.24,962540.06,Postpaid 2YR,Cash,No,49,1
SUB-1409,15,753.19,493814.96,Prepaid,Cash,Yes,30,1
SUB-1410,63,9847.41,308009.29,Postpaid 2YR,Cash,Yes,17,1
SUB-1411,44,1977.03,205154.77,Postpaid 1YR,Cash,No,15,0
SUB-1412,3,1676.29,706714.51,Prepaid,Cash,Yes,20,0
SUB-1413,40,4476.87,247478.38,Postpaid 2YR,Cash,Yes,21,1
SUB-1414,114,3570.53,134358.79,Postpaid 1YR,Credit Card,Yes,44,1
SUB-1415,80,4255.77,67015.65,Postpaid 1YR,Bank Transfer,Yes,25,1
SUB-1416,88,6392.08,802603.01,Postpaid 1YR,Cash,Yes,33,1
SUB-1417,36,8557.79,261621.6,Prepaid,Bank Transfer,No,5,1
SUB-1418,0,8427.62,281255.35,Postpaid 2YR,Bank Transfer,Yes,32,0
SUB-1419,53,6587.23,369008.23,Postpaid 1YR,Credit Card,Yes,20,1
SUB-1420,62,746.78,458874.26,Postpaid 1YR,Cash,Yes,0,1
SUB-1421,57,5949.2,862686.34,Postpaid 2YR,Credit Card,Yes,49,1
SUB-1422,70,8984.56,743935.46,Prepaid,Credit Card,Yes,4,1
SUB-1423,32,5005.25,118592.63,Postpaid 1YR,Cash,No,23,0
SUB-1424,99,833.04,613185.57,Postpaid 1YR,Bank Transfer,No,36,1
SUB-1425,86,7722.77,866814.44,Postpaid 2YR,Credit Card,Yes,48,1
SUB-1426,9,7299.3,745291.05,Prepaid,Credit Card,No,34,1
SUB-1427,21,307.19,452670.07,Postpaid 1YR,Cash,No,34,1
SUB-1428,45,5685.79,189488.59,Postpaid 2YR,Credit Card,Yes,18,1
SUB-1429,90,1217.37,797833.8,Postpaid 1YR,Bank Transfer,No,2,0
SUB-1430,13,8106.14,872593.18,Postpaid 1YR,Cash,Yes,40,1
SUB-1431,100,8718.37,765336.36,Postpaid 1YR,Cash,Yes,16,1
SUB-1432,15,7263.82,615212.13,Postpaid 1YR,Credit Card,No,7,0
SUB-1433,106,6843.56,287657.43,Postpaid 2YR,Bank Transfer,Yes,21,0
SUB-1434,23,8198.57,287135.95,Postpaid 1YR,Cash,No,48,0
SUB-1435,89,3315.18,398514.26,Postpaid 2YR,Cash,No,27,1
SUB-1436,7,6678.83,4740.18,Postpaid 2YR,Bank Transfer,Yes,20,0
SUB-1437,74,6989.73,982378.8,Postpaid 1YR,Credit Card,Yes,24,0
SUB-1438,110,1728.26,453464.67,Postpaid 1YR,Bank Transfer,Yes,21,1
SUB-1439,55,2518.66,225329.22,Postpaid 2YR,Bank Transfer,Yes,22,0
SUB-1440,35,4129.89,309117.58,Postpaid 2YR,Credit Card,No,3,1
SUB-1441,116,6876.38,926889.78,Postpaid 2YR,Bank Transfer,No,23,0
SUB-1442,93,8168.16,313222.84,Postpaid 1YR,Credit Card,No,32,1
SUB-1443,108,3766.76,317873.8,Prepaid,Credit Card,No,18,1
SUB-1444,51,7189.83,371422.07,Postpaid 1YR,Cash,No,10,1
SUB-1445,101,3236.7,25261.54,Postpaid 2YR,Cash,Yes,1,0
SUB-1446,58,6975.66,108928.53,Postpaid 1YR,Cash,Yes,38,0
SUB-1447,25,206.87,2056.94,Prepaid,Cash,Yes,29,1
SUB-1448,57,856.43,951147.15,Prepaid,Bank Transfer,No,49,1
SUB-1449,71,7523.57,329794.72,Prepaid,Credit Card,No,48,0
SUB-1450,65,7662.13,39318.8,Postpaid 1YR,Credit Card,Yes,50,1
SUB-1451,36,7249.13,906678.2,Postpaid 2YR,Credit Card,No,34,0
SUB-1452,27,7786.4,2456.44,Prepaid,Credit Card,No,47,1
SUB-1453,39,7831.61,405935.1,Prepaid,Credit Card,No,22,0
SUB-1454,72,1585.45,652584.44,Postpaid 1YR,Credit Card,No,34,0
SUB-1455,40,1617.8,322577.74,Prepaid,Bank Transfer,Yes,8,1
SUB-1456,44,6813.98,586554.41,Postpaid 1YR,Credit Card,No,7,0
SUB-1457,114,4073.22,502175.17,Postpaid 1YR,Bank Transfer,Yes,18,0
SUB-1458,72,6345.67,562642.79,Postpaid 1YR,Credit Card,No,36,1
SUB-1459,9,6946.99,227737.58,Postpaid 2YR,Credit Card,Yes,38,0
SUB-1460,95,8452.73,846867.22,Prepaid,Credit Card,Yes,26,1
SUB-1461,73,6831.42,483286.64,Postpaid 1YR,Cash,Yes,34,1
SUB-1462,120,7707.31,107089.84,Prepaid,Bank Transfer,No,20,0
SUB-1463,54,3746.25,715676.34,Prepaid,Cash,No,0,1
SUB-1464,101,9292.37,628513.17,Prepaid,Credit Card,Yes,22,0
SUB-1465,33,4434.22,929958.91,Postpaid 2YR,Bank Transfer,No,40,1
SUB-1466,79,7403.89,596315.24,Postpaid 2YR,Cash,No,37,0
SUB-1467,67,8405.1,194370.82,Prepaid,Credit Card,No,31,0
SUB-1468,79,3175.39,928825.73,Postpaid 1YR,Bank Transfer,No,1,1
SUB-1469,49,6110.84,532123.46,Postpaid 2YR,Bank Transfer,Yes,10,1
SUB-1470,12,8280.9,776799.99,Postpaid 2YR,Cash,Yes,11,1
SUB-1471,62,6346.14,877456.97,Postpaid 2YR,Bank Transfer,Yes,22,0
SUB-1472,55,7878.81,392234.65,Prepaid,Credit Card,Yes,49,1
SUB-1473,75,1856.39,225442.59,Prepaid,Credit Card,No,1,0
SUB-1474,4,9358.65,162437.39,Postpaid 1YR,Bank Transfer,No,12,1
SUB-1475,118,8472.59,46207.94,Postpaid 2YR,Cash,No,23,1
SUB-1476,91,7204.74,681295.29,Postpaid 1YR,Cash,No,42,0
SUB-1477,45,4440.13,187417.79,Prepaid,Cash,Yes,2,1
SUB-1478,23,8853.24,984646.35,Postpaid 1YR,Cash,Yes,48,1
SUB-1479,63,3900.28,141283.51,Postpaid 2YR,Credit Card,No,24,1
SUB-1480,36,3941.78,527474.21,Prepaid,Credit Card,No,50,1
SUB-1481,38,9006.81,931431.17,Postpaid 1YR,Bank Transfer,No,23,1
SUB-1482,26,9405.83,476223.76,Postpaid 2YR,Credit Card,No,7,0
SUB-1483,43,3091.12,710802.38,Postpaid 1YR,Credit Card,No,5,1
SUB-1484,7,9563.57,328731.16,Prepaid,Bank Transfer,Yes,11,1
SUB-1485,49,8274.04,907461.87,Postpaid 2YR,Credit Card,Yes,41,0
SUB-1486,75,9552.14,856337.04,Prepaid,Bank Transfer,Yes,20,0
SUB-1487,5,5166.67,457608.46,Postpaid 1YR,Credit Card,No,0,1
SUB-1488,35,3219.14,425280.79,Prepaid,Bank Transfer,Yes,6,0
SUB-1489,15,3480.85,744581.74,Postpaid 2YR,Cash,No,41,0
SUB-1490,30,5830.72,850291,Prepaid,Credit Card,Yes,45,1
SUB-1491,108,6976.68,60184.94,Postpaid 1YR,Bank Transfer,Yes,7,0
SUB-1492,7,2292.87,728033.4,Prepaid,Cash,Yes,37,0
SUB-1493,119,1368.59,296948.32,Postpaid 1YR,Bank Transfer,Yes,24,1
SUB-1494,52,8032.78,134768.81,Prepaid,Cash,No,7,1
SUB-1495,38,1573.52,275383.5,Prepaid,Bank Transfer,Yes,44,1
SUB-1496,34,8849.08,123503.2,Postpaid 2YR,Cash,Yes,36,1
SUB-1497,51,7925.73,106648.15,Postpaid 2YR,Credit Card,Yes,50,0
SUB-1498,12,7485.22,53123.56,Postpaid 1YR,Cash,Yes,20,0
SUB-1499,24,974.75,348376.18,Prepaid,Credit Card,No,45,0
SUB-1500,27,6795.34,994871.09,Postpaid 2YR,Bank Transfer,No,18,0
SUB-1501,59,3455.31,198992.76,Postpaid 1YR,Bank Transfer,No,8,1
SUB-1502,103,6113.13,887069.21,Postpaid 1YR,Cash,Yes,21,0
SUB-1503,36,8149.01,401974.34,Postpaid 1YR,Bank Transfer,Yes,1,1
SUB-1504,10,9385.34,209608.91,Postpaid 1YR,Cash,Yes,35,0
SUB-1505,1,8178.16,564113.22,Postpaid 1YR,Cash,Yes,29,1
SUB-1506,101,4418.02,897286.8,Prepaid,Bank Transfer,Yes,34,1
SUB-1507,88,9205.05,753732.99,Prepaid,Credit Card,No,50,0
SUB-1508,75,2379.53,772782.69,Prepaid,Bank Transfer,No,6,1
SUB-1509,19,4695.09,769241.14,Postpaid 2YR,Cash,No,38,0
SUB-1510,115,6577.29,998132.96,Prepaid,Bank Transfer,No,33,0
SUB-1511,100,4306.35,881768.37,Postpaid 2YR,Bank Transfer,No,35,1
SUB-1512,68,9249.97,453942.13,Prepaid,Credit Card,Yes,23,1
SUB-1513,71,4236.51,526366.59,Postpaid 1YR,Bank Transfer,No,23,1
SUB-1514,81,7753.49,747550.33,Prepaid,Credit Card,Yes,5,1
SUB-1515,110,3698.8,726395.45,Postpaid 2YR,Cash,No,30,0
SUB-1516,42,6813.77,36502.96,Prepaid,Credit Card,Yes,28,1
SUB-1517,109,5218.66,956182.03,Postpaid 2YR,Cash,Yes,30,0
SUB-1518,104,583.49,690118.57,Prepaid,Cash,No,2,1
SUB-1519,111,9938.5,349649.6,Postpaid 1YR,Cash,No,40,0
SUB-1520,27,7589.45,85293.37,Prepaid,Bank Transfer,Yes,50,1
SUB-1521,98,6427.31,623865.69,Prepaid,Bank Transfer,No,16,1
SUB-1522,46,1558.21,893672.39,Postpaid 2YR,Bank Transfer,No,22,0
SUB-1523,99,319.23,8465.57,Postpaid 2YR,Bank Transfer,Yes,37,1
SUB-1524,103,8672.97,291866.63,Prepaid,Credit Card,Yes,50,1
SUB-1525,108,3934.14,970021.88,Postpaid 1YR,Cash,No,47,0
SUB-1526,61,7971.99,536437.11,Postpaid 2YR,Bank Transfer,No,30,1
SUB-1527,90,44.59,537792.27,Prepaid,Credit Card,No,50,1
SUB-1528,34,566.1,983239.67,Postpaid 1YR,Cash,Yes,28,1
SUB-1529,56,4311.08,306316.87,Postpaid 2YR,Bank Transfer,No,38,0
SUB-1530,39,6679.31,982360.96,Prepaid,Bank Transfer,Yes,48,1
SUB-1531,23,2548.68,506761.11,Postpaid 2YR,Credit Card,No,37,1
SUB-1532,24,928.2,806869.16,Postpaid 1YR,Cash,No,33,1
SUB-1533,50,440.28,79863.77,Postpaid 2YR,Cash,No,19,1
SUB-1534,88,5359.19,226484.88,Postpaid 1YR,Cash,No,17,1
SUB-1535,115,9296.89,53954.37,Postpaid 2YR,Cash,Yes,0,0
SUB-1536,87,4157.99,989933.42,Prepaid,Bank Transfer,No,45,1
SUB-1537,116,7449,999180.97,Postpaid 1YR,Bank Transfer,Yes,3,1
SUB-1538,113,3493.86,133973.43,Prepaid,Bank Transfer,Yes,44,1
SUB-1539,41,6592.06,61703.46,Postpaid 1YR,Credit Card,Yes,18,1
SUB-1540,76,2983.06,316981.35,Postpaid 1YR,Credit Card,Yes,20,1
SUB-1541,54,609.3,65359.34,Postpaid 1YR,Cash,No,10,0
SUB-1542,22,7937.09,72274.49,Postpaid 1YR,Credit Card,Yes,49,0
SUB-1543,20,7104.04,456430.57,Prepaid,Credit Card,No,31,0
SUB-1544,60,3449.67,922102.02,Prepaid,Bank Transfer,Yes,31,0
SUB-1545,118,8094.96,652214.84,Postpaid 2YR,Cash,Yes,2,0
SUB-1546,38,5064.69,309440.68,Postpaid 1YR,Bank Transfer,Yes,27,0
SUB-1547,78,2778.71,660724.84,Postpaid 2YR,Credit Card,Yes,26,1
SUB-1548,4,8557.47,413296.88,Postpaid 1YR,Bank Transfer,Yes,43,0
SUB-1549,120,6880.89,95397.28,Postpaid 1YR,Bank Transfer,No,43,0
SUB-1550,65,8010.66,641939.2,Postpaid 2YR,Credit Card,Yes,13,1
SUB-1551,105,5167.3,454645.78,Prepaid,Credit Card,No,11,0
SUB-1552,114,1563.46,432585.46,Postpaid 2YR,Bank Transfer,Yes,29,1
SUB-1553,63,7549.3,402663.73,Postpaid 2YR,Bank Transfer,No,42,1
SUB-1554,95,6519.84,444255.05,Postpaid 2YR,Cash,No,42,1
SUB-1555,82,2902.37,984698.09,Postpaid 2YR,Credit Card,Yes,22,1
SUB-1556,25,5973.66,110092.14,Postpaid 2YR,Credit Card,Yes,32,1
SUB-1557,2,6769.32,959651.7,Postpaid 1YR,Cash,No,31,1
SUB-1558,113,9665.31,483836.83,Prepaid,Cash,No,45,0
SUB-1559,37,2563.15,44829.8,Postpaid 2YR,Bank Transfer,No,37,1
SUB-1560,78,5225.84,558134.37,Prepaid,Bank Transfer,No,44,1
SUB-1561,21,6021.2,70763.23,Postpaid 2YR,Bank Transfer,Yes,23,1
SUB-1562,117,9305.49,887687.02,Prepaid,Bank Transfer,No,14,1
SUB-1563,34,677.67,844061.92,Postpaid 2YR,Credit Card,No,13,0
SUB-1564,73,860.2,793070.83,Postpaid 2YR,Cash,Yes,35,1
SUB-1565,12,2915.23,341492.45,Prepaid,Bank Transfer,No,9,0
SUB-1566,80,8584.52,927570.71,Postpaid 1YR,Cash,Yes,47,0
SUB-1567,44,7312.86,356061.3,Postpaid 2YR,Credit Card,No,18,0
SUB-1568,20,6002.2,364016.26,Postpaid 1YR,Cash,No,47,1
SUB-1569,41,5171.63,192422.91,Postpaid 1YR,Cash,Yes,25,1
SUB-1570,50,9440.45,988075.73,Prepaid,Bank Transfer,No,10,0
SUB-1571,59,7162.53,937233.27,Prepaid,Credit Card,No,50,0
SUB-1572,50,30.15,730422.71,Prepaid,Credit Card,Yes,35,1
SUB-1573,24,5445.16,999624.9,Postpaid 2YR,Cash,Yes,35,1
SUB-1574,83,7529.98,11629.36,Prepaid,Cash,No,19,0
SUB-1575,43,5891.15,600462.8,Postpaid 2YR,Credit Card,No,41,0
SUB-1576,59,1797.74,231245.42,Postpaid 2YR,Bank Transfer,No,15,1
SUB-1577,20,3608.36,653462.41,Prepaid,Credit Card,No,5,1
SUB-1578,106,467.3,147323.63,Prepaid,Credit Card,No,39,1
SUB-1579,89,5494.5,304662.38,Postpaid 1YR,Bank Transfer,No,12,1
SUB-1580,77,2102.33,745616.75,Prepaid,Cash,Yes,14,1
SUB-1581,118,5839.78,559816.62,Postpaid 2YR,Cash,No,37,0
SUB-1582,46,4279.11,817268.5,Postpaid 2YR,Cash,No,34,0
SUB-1583,42,1380.84,784408.82,Postpaid 1YR,Cash,No,15,0
SUB-1584,13,27.36,998350.16,Postpaid 1YR,Cash,Yes,34,1
SUB-1585,49,4513.03,641143.62,Postpaid 1YR,Bank Transfer,No,23,1
SUB-1586,71,5012.3,81992.76,Prepaid,Credit Card,No,15,0
SUB-1587,73,6366,119597.81,Postpaid 1YR,Bank Transfer,No,50,0
SUB-1588,5,4621.15,754970.82,Postpaid 2YR,Cash,No,31,1
SUB-1589,78,3636.28,903815.46,Postpaid 2YR,Credit Card,No,49,1
SUB-1590,107,244.77,78617.99,Postpaid 1YR,Bank Transfer,Yes,31,0
SUB-1591,114,3720.83,800043.04,Postpaid 2YR,Credit Card,Yes,50,1
SUB-1592,58,7053.36,272333.79,Postpaid 1YR,Cash,Yes,0,1
SUB-1593,63,9813.48,628061.57,Prepaid,Credit Card,No,15,1
SUB-1594,13,7749.06,544021.82,Postpaid 1YR,Credit Card,Yes,5,0
SUB-1595,46,158.45,996354.3,Prepaid,Bank Transfer,Yes,14,0
SUB-1596,111,8698.57,216307.23,Prepaid,Bank Transfer,Yes,9,0
SUB-1597,22,5176.84,551102.58,Prepaid,Bank Transfer,No,21,1
SUB-1598,98,3129.43,747894.02,Postpaid 2YR,Cash,No,15,0
SUB-1599,97,9687.74,127189.35,Postpaid 2YR,Bank Transfer,Yes,7,0
SUB-1600,86,2864.57,505828.81,Postpaid 1YR,Cash,Yes,37,0
SUB-1601,114,530.44,374626.61,Postpaid 2YR,Bank Transfer,No,42,1
SUB-1602,58,9295.13,103838.32,Prepaid,Bank Transfer,No,3,0
SUB-1603,118,1851.23,809012.84,Postpaid 1YR,Credit Card,No,45,0
SUB-1604,116,7830.71,834751.03,Postpaid 1YR,Credit Card,No,6,0
SUB-1605,69,8132.69,17701.28,Prepaid,Bank Transfer,No,0,0
SUB-1606,56,9745.17,725574.65,Prepaid,Bank Transfer,Yes,33,0
SUB-1607,12,1275.07,14662.04,Postpaid 1YR,Bank Transfer,Yes,45,0
SUB-1608,58,2033.13,515941.05,Postpaid 1YR,Cash,Yes,2,0
SUB-1609,4,7740.43,551066.57,Prepaid,Cash,Yes,28,0
SUB-1610,40,2781.3,828689.56,Postpaid 2YR,Bank Transfer,Yes,4,1
SUB-1611,96,6452.96,417708.4,Postpaid 2YR,Bank Transfer,No,18,0
SUB-1612,114,7582.77,735319.26,Postpaid 2YR,Bank Transfer,Yes,33,0
SUB-1613,92,6678.99,66762.54,Postpaid 2YR,Bank Transfer,No,15,1
SUB-1614,62,9402.64,800603.74,Prepaid,Bank Transfer,Yes,14,0
SUB-1615,42,3789.04,168954.33,Prepaid,Bank Transfer,Yes,48,0
SUB-1616,46,6967.45,25994.17,Postpaid 2YR,Credit Card,Yes,11,0
SUB-1617,97,3720.52,600160.55,Prepaid,Bank Transfer,No,20,0
SUB-1618,11,818.86,790086.08,Postpaid 2YR,Cash,No,48,0
SUB-1619,106,914.6,668863.87,Postpaid 1YR,Bank Transfer,Yes,22,1
SUB-1620,4,1398.32,31671.4,Prepaid,Credit Card,No,14,1
SUB-1621,77,8424.57,107131.96,Prepaid,Bank Transfer,Yes,40,0
SUB-1622,29,3209.16,708575.72,Prepaid,Credit Card,No,27,0
SUB-1623,23,8477.8,275292.43,Postpaid 2YR,Credit Card,Yes,42,1
SUB-1624,66,5826.15,973081.3,Postpaid 1YR,Credit Card,No,28,0
SUB-1625,19,935.82,464184.23,Postpaid 1YR,Cash,No,8,1
SUB-1626,18,9309.37,801167.12,Prepaid,Cash,No,34,0
SUB-1627,93,573.08,119846.35,Postpaid 1YR,Cash,Yes,25,1
SUB-1628,118,9368.71,881541.76,Postpaid 1YR,Credit Card,Yes,44,0
SUB-1629,4,6914.54,548399,Prepaid,Cash,Yes,28,0
SUB-1630,19,8295.01,437816.46,Postpaid 1YR,Bank Transfer,Yes,7,0
SUB-1631,17,2755.58,176947.42,Postpaid 1YR,Cash,No,44,1
SUB-1632,29,6835.02,279516.61,Prepaid,Credit Card,Yes,24,0
SUB-1633,88,1210.34,179475.1,Postpaid 2YR,Cash,No,27,1
SUB-1634,7,8529.41,303553.44,Prepaid,Bank Transfer,No,41,1
SUB-1635,67,7607.4,223609.38,Postpaid 1YR,Credit Card,No,37,1
SUB-1636,36,2813.34,358988.61,Postpaid 1YR,Bank Transfer,Yes,34,1
SUB-1637,30,3931.23,298072.01,Prepaid,Cash,No,42,0
SUB-1638,85,6326.11,747650.74,Postpaid 1YR,Cash,Yes,7,0
SUB-1639,93,873.37,103457.15,Prepaid,Cash,Yes,45,1
SUB-1640,1,7860.92,256493.08,Postpaid 1YR,Cash,Yes,29,1
SUB-1641,18,5969.53,10744.58,Postpaid 1YR,Credit Card,No,19,1
SUB-1642,57,2665.11,898693.88,Postpaid 1YR,Cash,No,27,1
SUB-1643,13,3221.83,885458.69,Postpaid 2YR,Cash,No,5,0
SUB-1644,107,6992.07,308165.85,Postpaid 1YR,Bank Transfer,Yes,47,0
SUB-1645,0,3331.81,832228.44,Postpaid 2YR,Bank Transfer,No,18,0
SUB-1646,47,8690.07,548668.32,Prepaid,Cash,Yes,24,0
SUB-1647,6,6790.3,315882.82,Prepaid,Credit Card,Yes,33,0
SUB-1648,34,4200.49,41111.72,Postpaid 2YR,Credit Card,No,41,1
SUB-1649,55,3976.49,958455.5,Postpaid 1YR,Bank Transfer,Yes,43,1
SUB-1650,111,2115.3,388458.48,Postpaid 1YR,Bank Transfer,Yes,38,0
SUB-1651,48,9018.13,225115.4,Prepaid,Cash,No,38,0
SUB-1652,67,1842.09,374015.26,Postpaid 2YR,Bank Transfer,Yes,37,1
SUB-1653,34,639.43,325989.01,Prepaid,Credit Card,No,8,1
SUB-1654,28,9490.37,433286.65,Postpaid 2YR,Bank Transfer,No,5,1
SUB-1655,118,4421.97,742755.57,Postpaid 2YR,Credit Card,Yes,36,0
SUB-1656,6,4719.31,55408.8,Postpaid 1YR,Credit Card,No,15,0
SUB-1657,114,7148.04,342339.23,Postpaid 1YR,Bank Transfer,No,2,0
SUB-1658,110,9897.92,588288.58,Prepaid,Credit Card,No,0,0
SUB-1659,43,238.22,366088.77,Postpaid 2YR,Bank Transfer,No,45,0
SUB-1660,86,6772.42,716774.62,Postpaid 2YR,Cash,No,11,1
SUB-1661,70,107.02,68116.86,Postpaid 1YR,Credit Card,Yes,25,1
SUB-1662,90,9753.37,694046.81,Postpaid 2YR,Bank Transfer,No,3,0
SUB-1663,95,8631.41,531038.64,Postpaid 2YR,Bank Transfer,No,42,0
SUB-1664,115,9327.3,945129.43,Postpaid 2YR,Credit Card,No,13,1
SUB-1665,120,1888.19,889814.34,Postpaid 1YR,Bank Transfer,No,34,1
SUB-1666,21,8400.14,502544.05,Prepaid,Credit Card,Yes,8,1
SUB-1667,25,8303.73,858579.35,Postpaid 1YR,Bank Transfer,No,0,0
SUB-1668,95,4967.8,842424.81,Postpaid 1YR,Bank Transfer,No,32,0
SUB-1669,59,4560.1,457949.07,Postpaid 1YR,Credit Card,Yes,29,0
SUB-1670,31,6744.95,333348.63,Prepaid,Cash,No,6,0
SUB-1671,33,7580.47,509186.96,Prepaid,Cash,Yes,5,0
SUB-1672,42,4218.79,814484.88,Prepaid,Bank Transfer,No,32,0
SUB-1673,32,3426.14,498147.89,Postpaid 2YR,Cash,Yes,22,1
SUB-1674,36,851.57,139071.76,Postpaid 2YR,Bank Transfer,Yes,40,1
SUB-1675,106,4478.77,488135.29,Postpaid 2YR,Cash,Yes,2,1
SUB-1676,24,5507.49,963920.52,Prepaid,Cash,Yes,48,1
SUB-1677,66,3474.85,159732.93,Postpaid 2YR,Bank Transfer,Yes,12,1
SUB-1678,96,2061.34,834279.93,Prepaid,Bank Transfer,Yes,38,0
SUB-1679,10,1337.44,585475.55,Postpaid 2YR,Bank Transfer,Yes,9,0
SUB-1680,112,4666.57,908749.36,Prepaid,Credit Card,No,32,0
SUB-1681,27,5058.05,658487.91,Postpaid 2YR,Credit Card,Yes,8,1
SUB-1682,93,484.15,790208.18,Prepaid,Credit Card,No,12,0
SUB-1683,116,334.66,886558.11,Postpaid 2YR,Bank Transfer,Yes,47,0
SUB-1684,55,1903.72,641404.61,Postpaid 1YR,Cash,No,42,0
SUB-1685,18,4115.11,577976.75,Postpaid 2YR,Bank Transfer,No,39,0
SUB-1686,11,3498.79,680919.13,Postpaid 1YR,Cash,No,4,1
SUB-1687,33,6743.35,996659.59,Postpaid 1YR,Bank Transfer,No,9,1
SUB-1688,118,5438.89,788744.5,Postpaid 2YR,Credit Card,Yes,29,1
SUB-1689,1,1926.89,692168.56,Postpaid 1YR,Credit Card,No,23,0
SUB-1690,48,8717.41,957330.35,Prepaid,Bank Transfer,Yes,50,0
SUB-1691,102,9461.41,325292.85,Postpaid 1YR,Cash,No,24,0
SUB-1692,118,9842.91,74479.43,Postpaid 2YR,Bank Transfer,No,4,1
SUB-1693,65,5291.45,791559.75,Postpaid 2YR,Credit Card,No,12,0
SUB-1694,41,2983.19,128098.94,Prepaid,Credit Card,Yes,2,0
SUB-1695,74,9677.84,728830.17,Postpaid 2YR,Cash,Yes,39,1
SUB-1696,57,3261.42,903387.99,Prepaid,Cash,Yes,20,1
SUB-1697,24,7140.49,791592.84,Postpaid 1YR,Credit Card,Yes,32,0
SUB-1698,115,3392.69,719365.18,Prepaid,Cash,Yes,41,0
SUB-1699,83,2326.41,786712,Prepaid,Bank Transfer,Yes,27,1
SUB-1700,27,4298.18,228991.62,Postpaid 1YR,Cash,No,40,1
SUB-1701,102,1609.21,944367.72,Postpaid 2YR,Bank Transfer,Yes,1,1
SUB-1702,77,2494,138292.01,Postpaid 1YR,Bank Transfer,No,16,0
SUB-1703,61,5989.79,285182.85,Postpaid 1YR,Cash,Yes,20,1
SUB-1704,59,6659.51,199730.6,Postpaid 1YR,Bank Transfer,Yes,39,1
SUB-1705,3,1807.55,251489.16,Prepaid,Cash,Yes,35,0
SUB-1706,108,8126.02,503527.06,Postpaid 2YR,Cash,No,47,0
SUB-1707,7,2276.5,262923.63,Prepaid,Credit Card,No,4,0
SUB-1708,60,2510.72,6522.41,Postpaid 1YR,Bank Transfer,No,24,0
SUB-1709,93,1939.07,123094.8,Postpaid 1YR,Cash,No,7,0
SUB-1710,102,8712.77,964657.56,Postpaid 2YR,Credit Card,No,48,1
SUB-1711,21,1010.39,427369.91,Postpaid 1YR,Bank Transfer,No,21,0
SUB-1712,6,8598.28,728711.62,Postpaid 2YR,Bank Transfer,No,50,0
SUB-1713,22,8303.35,432348.29,Postpaid 1YR,Credit Card,No,43,1
SUB-1714,78,2530.86,753709.69,Postpaid 2YR,Bank Transfer,No,28,1
SUB-1715,24,3530.57,212705.58,Postpaid 2YR,Credit Card,Yes,2,1
SUB-1716,53,3943.26,243653.22,Postpaid 1YR,Cash,Yes,36,0
SUB-1717,17,7151.98,83122.17,Prepaid,Cash,No,21,1
SUB-1718,109,5733.4,432567.24,Postpaid 2YR,Bank Transfer,No,11,0
SUB-1719,54,3066.11,80843.11,Prepaid,Cash,Yes,15,1
SUB-1720,86,2432.54,634724.83,Prepaid,Bank Transfer,No,38,1
SUB-1721,37,85.34,89843.58,Prepaid,Credit Card,No,14,1
SUB-1722,33,6419.51,322936.34,Postpaid 2YR,Cash,No,17,1
SUB-1723,6,4643.2,964801.54,Postpaid 2YR,Cash,Yes,5,1
SUB-1724,112,9079.45,800972.65,Postpaid 2YR,Credit Card,No,41,1
SUB-1725,52,6371.95,444305.67,Postpaid 2YR,Credit Card,Yes,11,1
SUB-1726,36,3349.44,668082.13,Postpaid 1YR,Credit Card,No,17,1
SUB-1727,113,2101.49,736765.77,Postpaid 1YR,Credit Card,Yes,4,1
SUB-1728,114,4958.21,565060.84,Prepaid,Credit Card,Yes,20,0
SUB-1729,0,3094.3,633934.82,Postpaid 1YR,Credit Card,No,42,1
SUB-1730,39,7502.44,580267.07,Postpaid 2YR,Credit Card,Yes,8,1
SUB-1731,92,2444.97,469742.66,Postpaid 2YR,Bank Transfer,Yes,33,0
SUB-1732,8,1243.02,148071.2,Prepaid,Cash,No,41,1
SUB-1733,31,3260.11,226054,Prepaid,Cash,Yes,12,1
SUB-1734,26,8184.54,618334.87,Postpaid 2YR,Cash,No,44,1
SUB-1735,107,3485.51,652502.14,Postpaid 2YR,Credit Card,No,30,0
SUB-1736,99,8465.94,956669.54,Postpaid 2YR,Bank Transfer,No,28,0
SUB-1737,59,8913.17,471733.96,Prepaid,Credit Card,Yes,40,0
SUB-1738,79,8651.52,10875.32,Postpaid 2YR,Credit Card,Yes,29,0
SUB-1739,93,9726.11,252077.73,Postpaid 2YR,Bank Transfer,Yes,4,0
SUB-1740,98,6776.4,105686.46,Postpaid 1YR,Cash,Yes,40,0
SUB-1741,92,7022.95,448330.88,Postpaid 2YR,Cash,Yes,27,0
SUB-1742,65,7909.5,171343.79,Postpaid 1YR,Credit Card,Yes,11,1
SUB-1743,105,3237.29,227406.43,Postpaid 2YR,Cash,No,31,0
SUB-1744,58,472.81,771057.46,Postpaid 1YR,Bank Transfer,No,43,0
SUB-1745,38,9964.61,399238.47,Prepaid,Cash,Yes,36,1
SUB-1746,63,4158.83,915230.92,Postpaid 1YR,Bank Transfer,No,50,0
SUB-1747,36,4232.29,950391,Postpaid 1YR,Credit Card,Yes,38,1
SUB-1748,34,2570.24,511529.87,Prepaid,Credit Card,No,24,1
SUB-1749,75,203.36,503604.93,Postpaid 1YR,Bank Transfer,Yes,37,1
SUB-1750,93,5176.18,888925.88,Prepaid,Bank Transfer,Yes,7,1
SUB-1751,97,9685.85,125150.49,Postpaid 1YR,Bank Transfer,No,3,1
SUB-1752,43,5508.2,590680.3,Postpaid 1YR,Bank Transfer,No,19,0
SUB-1753,26,3893.55,462554.39,Postpaid 2YR,Cash,No,20,0
SUB-1754,104,158.79,794223.83,Prepaid,Credit Card,Yes,49,0
SUB-1755,82,743.99,128217.97,Postpaid 1YR,Cash,No,29,1
SUB-1756,37,6129.47,274128.27,Postpaid 2YR,Cash,Yes,2,1
SUB-1757,33,9137.07,794415.92,Postpaid 1YR,Cash,Yes,16,1
SUB-1758,72,2176.68,65678.76,Postpaid 1YR,Cash,No,44,1
SUB-1759,101,4126.3,654651.98,Postpaid 1YR,Cash,No,49,1
SUB-1760,46,9907.19,820013.24,Postpaid 2YR,Credit Card,No,24,0
SUB-1761,46,468.54,849786.93,Postpaid 1YR,Credit Card,Yes,8,0
SUB-1762,43,9835.49,211657.77,Prepaid,Credit Card,No,1,1
SUB-1763,47,1254.57,422026.53,Prepaid,Credit Card,No,12,1
SUB-1764,119,5297.41,106265.01,Postpaid 1YR,Cash,No,34,0
SUB-1765,9,5182.66,591733.86,Prepaid,Credit Card,Yes,41,1
SUB-1766,45,1818.16,950327.49,Postpaid 2YR,Bank Transfer,Yes,5,1
SUB-1767,67,7282.05,349662.64,Prepaid,Credit Card,No,36,1
SUB-1768,39,7752.68,334927.39,Postpaid 1YR,Cash,Yes,3,1
SUB-1769,22,6429.21,685529.51,Postpaid 1YR,Credit Card,Yes,32,1
SUB-1770,38,4876.73,70305.01,Postpaid 2YR,Bank Transfer,No,42,1
SUB-1771,103,274.97,380627.72,Prepaid,Cash,Yes,30,0
SUB-1772,87,1844.34,664324.99,Postpaid 1YR,Credit Card,No,26,0
SUB-1773,102,4484.4,402321.56,Prepaid,Bank Transfer,No,32,1
SUB-1774,57,3538.95,711951.39,Postpaid 2YR,Bank Transfer,Yes,12,0
SUB-1775,114,91.25,376165.58,Prepaid,Bank Transfer,No,32,0
SUB-1776,73,1660.48,558924.37,Postpaid 2YR,Credit Card,No,43,1
SUB-1777,30,9402.42,619703.2,Prepaid,Bank Transfer,No,11,1
SUB-1778,72,5117.25,580347.46,Prepaid,Bank Transfer,No,17,0
SUB-1779,106,2356.66,87475.61,Prepaid,Credit Card,Yes,14,0
SUB-1780,56,8195.59,589884.45,Prepaid,Credit Card,Yes,49,1
SUB-1781,95,437.59,772950.3,Prepaid,Cash,No,25,0
SUB-1782,108,4032.55,792100.23,Postpaid 2YR,Credit Card,Yes,10,0
SUB-1783,63,5915.18,963312.94,Postpaid 1YR,Cash,No,41,0
SUB-1784,42,7350.24,884933.63,Prepaid,Bank Transfer,Yes,7,0
SUB-1785,96,2748.05,595991.59,Postpaid 1YR,Bank Transfer,Yes,38,1
SUB-1786,8,3708.76,200096.59,Postpaid 1YR,Credit Card,No,11,0
SUB-1787,40,3094.56,887232.17,Postpaid 2YR,Credit Card,No,47,1
SUB-1788,36,7434.33,970404.55,Postpaid 2YR,Bank Transfer,No,24,1
SUB-1789,57,9695.34,964956.58,Postpaid 2YR,Bank Transfer,No,19,0
SUB-1790,24,5212.78,789386.26,Postpaid 2YR,Credit Card,No,9,1
SUB-1791,98,7936.22,747506.99,Postpaid 1YR,Bank Transfer,Yes,14,0
SUB-1792,37,7528.29,175781.39,Postpaid 2YR,Credit Card,Yes,15,1
SUB-1793,72,9959.3,79342.53,Postpaid 2YR,Bank Transfer,Yes,47,0
SUB-1794,118,3025.16,419073.61,Postpaid 2YR,Credit Card,Yes,40,0
SUB-1795,51,4226.27,621851.92,Postpaid 1YR,Cash,No,46,0
SUB-1796,72,3669.2,758646.14,Postpaid 2YR,Cash,No,20,0
SUB-1797,8,1848.06,415259.26,Postpaid 2YR,Credit Card,No,20,1
SUB-1798,78,9903.04,646668.83,Postpaid 1YR,Cash,No,15,1
SUB-1799,71,9425.89,952384.23,Postpaid 2YR,Cash,Yes,37,0
SUB-1800,109,681.31,708049.44,Prepaid,Credit Card,No,25,1
SUB-1801,56,5154.45,213073.38,Prepaid,Cash,No,11,0
SUB-1802,11,6851.05,210135.95,Postpaid 1YR,Credit Card,No,6,1
SUB-1803,22,7332.04,737299.35,Postpaid 2YR,Credit Card,Yes,24,1
SUB-1804,107,2398.35,994154.74,Prepaid,Bank Transfer,Yes,27,0
SUB-1805,99,3002.96,485443.63,Postpaid 2YR,Bank Transfer,No,48,1
SUB-1806,117,5929.67,2658.47,Postpaid 2YR,Credit Card,No,38,1
SUB-1807,5,8246,498524.8,Postpaid 2YR,Credit Card,Yes,43,1
SUB-1808,109,6714.41,675201.02,Prepaid,Cash,Yes,49,1
SUB-1809,47,7934.69,816304.8,Prepaid,Cash,Yes,48,1
SUB-1810,87,211.05,77682.17,Postpaid 2YR,Cash,No,25,0
SUB-1811,114,1766.98,451813.13,Postpaid 1YR,Credit Card,Yes,14,1
SUB-1812,94,3397.66,64456.65,Postpaid 1YR,Bank Transfer,No,37,1
SUB-1813,102,5046.59,236172.81,Postpaid 2YR,Bank Transfer,No,5,0
SUB-1814,96,712.45,257102.83,Prepaid,Cash,No,22,1
SUB-1815,80,628.55,128116.6,Postpaid 2YR,Credit Card,No,31,0
SUB-1816,109,3505.54,247703.8,Prepaid,Bank Transfer,No,20,1
SUB-1817,50,8116.87,149374.22,Prepaid,Cash,Yes,13,0
SUB-1818,96,3177.62,168048.11,Prepaid,Bank Transfer,Yes,22,1
SUB-1819,87,3398.67,938725.87,Postpaid 2YR,Credit Card,No,19,1
SUB-1820,11,1275.5,405868.09,Prepaid,Cash,No,23,0
SUB-1821,43,1066.12,743216.86,Postpaid 1YR,Credit Card,Yes,40,0
SUB-1822,94,3103.53,859706.37,Prepaid,Bank Transfer,No,7,0
SUB-1823,28,8093.63,252261.48,Postpaid 1YR,Cash,No,11,1
SUB-1824,79,1394.04,476306.99,Prepaid,Cash,No,20,1
SUB-1825,46,1637,466680.26,Postpaid 1YR,Cash,Yes,33,0
SUB-1826,105,5251.95,561366.94,Prepaid,Bank Transfer,Yes,32,1
SUB-1827,16,7619.73,986162.44,Postpaid 1YR,Cash,Yes,39,1
SUB-1828,56,305.6,43418.74,Prepaid,Cash,Yes,32,1
SUB-1829,73,4643.8,637498.13,Postpaid 2YR,Cash,Yes,34,1
SUB-1830,7,1992.72,135366.89,Prepaid,Bank Transfer,No,38,1
SUB-1831,73,1196.83,302149.81,Postpaid 1YR,Bank Transfer,Yes,34,1
SUB-1832,13,2635.92,615832.86,Postpaid 1YR,Bank Transfer,Yes,2,1
SUB-1833,16,6027.33,54860.61,Prepaid,Credit Card,Yes,28,0
SUB-1834,25,8547.4,540180.12,Postpaid 2YR,Credit Card,Yes,16,0
SUB-1835,103,8805.58,570410.78,Postpaid 2YR,Credit Card,No,17,0
SUB-1836,72,6592.04,237019.01,Postpaid 1YR,Cash,Yes,44,0
SUB-1837,71,4500.82,524069.43,Postpaid 1YR,Credit Card,Yes,4,1
SUB-1838,32,7900.33,737093.32,Postpaid 2YR,Cash,No,24,1
SUB-1839,83,3047.7,811569.71,Postpaid 1YR,Bank Transfer,No,6,0
SUB-1840,115,99.68,707665.68,Postpaid 2YR,Credit Card,No,47,0
SUB-1841,119,4255,986374.05,Prepaid,Cash,Yes,0,1
SUB-1842,56,9425.35,19552.01,Postpaid 1YR,Credit Card,Yes,11,1
SUB-1843,88,8818.26,461431.8,Prepaid,Credit Card,No,49,1
SUB-1844,90,5773.15,173261.73,Prepaid,Cash,No,39,0
SUB-1845,11,5547.49,619007.92,Postpaid 1YR,Bank Transfer,No,20,1
SUB-1846,103,4416.57,807270.77,Postpaid 1YR,Credit Card,Yes,43,1
SUB-1847,104,7105.62,830767.16,Postpaid 2YR,Cash,No,0,1
SUB-1848,6,6334.29,209934.17,Prepaid,Cash,Yes,17,0
SUB-1849,48,7589.14,263101.88,Postpaid 2YR,Cash,Yes,43,0
SUB-1850,5,6748.31,401914.6,Prepaid,Credit Card,No,25,0
SUB-1851,81,8397.31,985862.58,Postpaid 1YR,Cash,No,11,1
SUB-1852,36,9453.47,788732.48,Postpaid 1YR,Cash,Yes,42,0
SUB-1853,79,8703.28,254763.76,Postpaid 1YR,Credit Card,Yes,15,0
SUB-1854,38,4993.68,939241.02,Postpaid 1YR,Credit Card,Yes,38,1
SUB-1855,55,8403.19,137484.21,Prepaid,Cash,Yes,43,1
SUB-1856,110,2949.78,13298.52,Postpaid 2YR,Cash,No,14,0
SUB-1857,5,6949.96,136790.24,Postpaid 1YR,Credit Card,Yes,8,1
SUB-1858,38,7385.45,146871.8,Postpaid 2YR,Bank Transfer,No,41,1
SUB-1859,115,2273.76,587786.84,Postpaid 2YR,Credit Card,Yes,20,1
SUB-1860,88,1505.58,857083.15,Postpaid 2YR,Bank Transfer,No,18,0
SUB-1861,95,2474.3,15394.38,Postpaid 1YR,Bank Transfer,Yes,9,1
SUB-1862,16,6626.88,246191.27,Postpaid 1YR,Credit Card,Yes,19,0
SUB-1863,112,9840.17,676715.4,Prepaid,Bank Transfer,Yes,18,1
SUB-1864,75,9159.32,916879.93,Postpaid 1YR,Bank Transfer,Yes,36,0
SUB-1865,53,5738.3,971871.17,Prepaid,Credit Card,Yes,16,0
SUB-1866,103,6853.91,518290.57,Postpaid 2YR,Credit Card,No,4,0
SUB-1867,46,1987.38,908610.26,Postpaid 1YR,Bank Transfer,Yes,0,1
SUB-1868,26,8064.44,37057.03,Prepaid,Cash,No,24,1
SUB-1869,67,1895.6,439697.62,Prepaid,Bank Transfer,No,46,0
SUB-1870,104,8820.49,890629.45,Postpaid 1YR,Credit Card,Yes,12,1
SUB-1871,11,5327,762173.25,Postpaid 2YR,Cash,No,38,0
SUB-1872,4,1533.4,87754.15,Prepaid,Bank Transfer,Yes,29,0
SUB-1873,35,5392.57,62581.99,Postpaid 2YR,Cash,Yes,39,0
SUB-1874,32,2788.75,309274.37,Prepaid,Bank Transfer,Yes,34,0
SUB-1875,10,2182.83,121227.87,Postpaid 1YR,Cash,Yes,2,0
SUB-1876,34,3090.57,672154.92,Postpaid 2YR,Bank Transfer,Yes,14,1
SUB-1877,56,719.09,906090.12,Postpaid 1YR,Bank Transfer,No,41,1
SUB-1878,112,4409.48,24742.86,Postpaid 1YR,Bank Transfer,Yes,41,1
SUB-1879,58,3809.29,558702.84,Prepaid,Bank Transfer,Yes,2,0
SUB-1880,35,8145.22,3233.99,Postpaid 1YR,Bank Transfer,No,23,1
SUB-1881,120,3846.45,57979.94,Prepaid,Credit Card,No,48,1
SUB-1882,30,2097.66,744603.27,Postpaid 1YR,Cash,Yes,12,1
SUB-1883,43,5643.09,562749.54,Prepaid,Bank Transfer,No,38,1
SUB-1884,82,2325.36,152742.52,Postpaid 2YR,Credit Card,No,26,0
SUB-1885,79,73.61,263576.58,Prepaid,Cash,No,7,1
SUB-1886,53,4912.59,790398.12,Postpaid 2YR,Credit Card,No,31,1
SUB-1887,101,3241.89,717245.29,Postpaid 1YR,Cash,Yes,25,1
SUB-1888,68,9773.65,750662.94,Prepaid,Credit Card,No,39,0
SUB-1889,6,8476.43,481539.81,Postpaid 2YR,Cash,Yes,44,1
SUB-1890,17,1407.04,25364.95,Prepaid,Bank Transfer,No,10,0
SUB-1891,87,3673.2,480093.79,Postpaid 2YR,Bank Transfer,Yes,48,1
SUB-1892,25,5082.07,101262.29,Postpaid 1YR,Bank Transfer,No,34,0
SUB-1893,67,2649.17,473551,Prepaid,Credit Card,No,25,0
SUB-1894,55,6089.76,325500.1,Postpaid 2YR,Cash,Yes,35,1
SUB-1895,88,604.77,29587.93,Postpaid 1YR,Bank Transfer,Yes,48,0
SUB-1896,36,996.25,426135.6,Prepaid,Cash,Yes,41,1
SUB-1897,77,980.6,734052.21,Postpaid 2YR,Bank Transfer,No,4,1
SUB-1898,112,8996.91,187213.68,Prepaid,Bank Transfer,No,32,1
SUB-1899,41,9723.29,879687.11,Postpaid 1YR,Cash,No,34,0
SUB-1900,5,5012.25,919521.6,Postpaid 2YR,Bank Transfer,No,13,0
SUB-1901,30,2939.23,751186.2,Prepaid,Cash,No,46,0
SUB-1902,78,1113.54,890888.87,Postpaid 2YR,Credit Card,Yes,20,0
SUB-1903,112,2285.5,239761.21,Prepaid,Credit Card,No,42,1
SUB-1904,73,5087.99,135238.11,Prepaid,Credit Card,No,7,0
SUB-1905,82,5242.16,650485.9,Prepaid,Bank Transfer,Yes,47,0
SUB-1906,9,9039.7,400633.92,Postpaid 2YR,Bank Transfer,No,37,0
SUB-1907,120,9848.46,47379.05,Postpaid 1YR,Credit Card,Yes,22,1
SUB-1908,58,3359.1,398763.37,Postpaid 1YR,Cash,No,50,1
SUB-1909,13,1152.31,84735.09,Prepaid,Cash,No,37,0
SUB-1910,24,569.42,377573.28,Postpaid 2YR,Bank Transfer,Yes,42,1
SUB-1911,43,9317.86,939486.25,Postpaid 2YR,Cash,Yes,18,1
SUB-1912,8,5564.37,87420.93,Postpaid 2YR,Bank Transfer,No,38,0
SUB-1913,37,1500.47,572850.47,Postpaid 2YR,Cash,Yes,21,0
SUB-1914,23,2707.85,426525.67,Postpaid 2YR,Bank Transfer,No,24,0
SUB-1915,31,7730.99,342044.55,Postpaid 2YR,Credit Card,No,12,0
SUB-1916,93,9692.25,105117.35,Postpaid 1YR,Credit Card,Yes,22,0
SUB-1917,117,6359.39,839800.83,Postpaid 1YR,Credit Card,No,25,0
SUB-1918,41,6488.51,391615.38,Postpaid 2YR,Cash,Yes,34,0
SUB-1919,2,8346.13,903810.83,Postpaid 1YR,Credit Card,Yes,26,1
SUB-1920,8,854.56,834915.46,Postpaid 1YR,Bank Transfer,No,35,1
SUB-1921,28,1461.22,208128.56,Postpaid 1YR,Bank Transfer,No,1,1
SUB-1922,91,8551.56,941001.87,Prepaid,Credit Card,No,13,1
SUB-1923,6,1151.56,321137.44,Prepaid,Credit Card,No,34,1
SUB-1924,85,1257.52,174407.92,Postpaid 2YR,Bank Transfer,No,36,1
SUB-1925,72,2856.96,686595.59,Prepaid,Bank Transfer,No,10,0
SUB-1926,25,2298.05,386655.13,Prepaid,Bank Transfer,No,50,1
SUB-1927,24,2111.62,424013.24,Postpaid 1YR,Bank Transfer,Yes,49,0
SUB-1928,114,4786.57,301963.43,Postpaid 1YR,Bank Transfer,Yes,41,0
SUB-1929,5,3582.81,954000.74,Postpaid 2YR,Credit Card,No,48,0
SUB-1930,17,3518.05,244345.54,Prepaid,Bank Transfer,No,41,1
SUB-1931,69,9502.04,888157.44,Prepaid,Credit Card,Yes,49,1
SUB-1932,96,7092.74,360006.45,Postpaid 2YR,Bank Transfer,No,42,1
SUB-1933,42,6783.97,721919.37,Postpaid 2YR,Cash,No,31,1
SUB-1934,9,4065.37,429445.87,Prepaid,Cash,Yes,20,0
SUB-1935,63,7506.04,214904.11,Postpaid 2YR,Bank Transfer,Yes,48,0
SUB-1936,80,4765.71,557563,Prepaid,Credit Card,Yes,40,1
SUB-1937,16,8679.41,171912.59,Postpaid 1YR,Cash,No,15,1
SUB-1938,69,2924.17,327092.94,Postpaid 2YR,Cash,Yes,35,1
SUB-1939,47,4928,800213.44,Postpaid 1YR,Credit Card,No,30,0
SUB-1940,58,200.23,525651.04,Postpaid 2YR,Bank Transfer,Yes,44,0
SUB-1941,6,6787.71,151854.41,Postpaid 1YR,Credit Card,Yes,50,1
SUB-1942,18,3825.59,337714,Postpaid 1YR,Cash,Yes,44,0
SUB-1943,81,7293.72,972862.89,Postpaid 1YR,Credit Card,No,42,0
SUB-1944,102,2084.18,485625.11,Postpaid 1YR,Credit Card,Yes,48,0
SUB-1945,3,735.82,886552.74,Postpaid 1YR,Cash,Yes,32,0
SUB-1946,55,7611.07,24188.05,Postpaid 2YR,Bank Transfer,No,28,0
SUB-1947,17,7909.57,935237.41,Postpaid 1YR,Cash,No,7,0
SUB-1948,78,8393.76,144377.65,Prepaid,Credit Card,Yes,40,1
SUB-1949,35,3774.84,928567.76,Postpaid 2YR,Bank Transfer,Yes,47,0
SUB-1950,11,5946.69,82272.02,Postpaid 2YR,Cash,No,43,1
SUB-1951,51,4867.79,617009,Postpaid 2YR,Credit Card,No,15,0
SUB-1952,109,9688.86,137949.35,Prepaid,Cash,No,4,0
SUB-1953,110,4508.1,358419.17,Postpaid 1YR,Bank Transfer,Yes,31,1
SUB-1954,98,4789.31,739416.17,Postpaid 1YR,Bank Transfer,Yes,2,1
SUB-1955,13,4825.76,599880.26,Postpaid 1YR,Credit Card,No,16,1
SUB-1956,53,215.94,862473.26,Postpaid 1YR,Bank Transfer,Yes,1,1
SUB-1957,105,4030.82,829357.77,Postpaid 1YR,Bank Transfer,Yes,21,0
SUB-1958,84,3191.73,294736.39,Postpaid 1YR,Cash,Yes,19,0
SUB-1959,84,6055.94,763363.65,Prepaid,Bank Transfer,Yes,36,1
SUB-1960,24,1990.88,520375.6,Prepaid,Bank Transfer,No,2,1
SUB-1961,42,404.8,956466.35,Prepaid,Bank Transfer,No,0,0
SUB-1962,17,4912.36,73627.24,Postpaid 2YR,Cash,No,44,0
SUB-1963,105,7744.46,778116.62,Postpaid 1YR,Credit Card,Yes,36,0
SUB-1964,60,6238.86,295003.15,Postpaid 1YR,Cash,Yes,9,0
SUB-1965,106,8597.09,641244.9,Postpaid 1YR,Credit Card,No,33,0
SUB-1966,75,3163.58,704445.57,Postpaid 1YR,Credit Card,No,48,0
SUB-1967,67,2523.57,250343.83,Postpaid 1YR,Credit Card,No,23,0
SUB-1968,2,6761.78,875711.4,Prepaid,Credit Card,No,27,1
SUB-1969,111,8320.51,265822.02,Postpaid 1YR,Bank Transfer,No,34,0
SUB-1970,8,1919.54,665313.67,Postpaid 2YR,Credit Card,No,1,1
SUB-1971,75,189.38,289435.7,Postpaid 2YR,Cash,No,5,0
SUB-1972,15,3848.09,37558.62,Postpaid 2YR,Bank Transfer,No,32,1
SUB-1973,105,9967.93,11511.23,Postpaid 2YR,Credit Card,No,45,0
SUB-1974,39,4120.21,608822.33,Postpaid 2YR,Cash,Yes,28,1
SUB-1975,57,2977.81,191071.5,Postpaid 1YR,Cash,No,25,1
SUB-1976,116,8826.39,550298.58,Postpaid 2YR,Credit Card,No,47,1
SUB-1977,98,4361.37,167223.05,Prepaid,Cash,Yes,7,0
SUB-1978,111,9572.39,126160.52,Postpaid 1YR,Bank Transfer,Yes,38,0
SUB-1979,11,9614.45,907979.42,Prepaid,Credit Card,Yes,13,1
SUB-1980,10,7563.31,622727.1,Prepaid,Bank Transfer,Yes,19,1
SUB-1981,18,9569.92,978910.43,Postpaid 2YR,Credit Card,No,10,1
SUB-1982,21,9308.25,116688.98,Postpaid 2YR,Credit Card,Yes,15,1
SUB-1983,1,9884.86,343518.28,Postpaid 2YR,Bank Transfer,No,16,0
SUB-1984,62,1779.28,349539.21,Prepaid,Bank Transfer,No,45,1
SUB-1985,75,26.29,446380.31,Postpaid 1YR,Credit Card,Yes,40,1
SUB-1986,24,3152.6,151378.5,Prepaid,Bank Transfer,No,20,1
SUB-1987,104,9911.71,300023.22,Postpaid 2YR,Bank Transfer,Yes,5,0
SUB-1988,71,3864.19,838995.01,Postpaid 2YR,Cash,Yes,5,0
SUB-1989,95,7470.83,435048.32,Postpaid 1YR,Cash,No,39,0
SUB-1990,29,3178.23,369617.52,Postpaid 2YR,Cash,Yes,9,1
SUB-1991,5,3638.86,616390.22,Postpaid 1YR,Credit Card,Yes,18,0
SUB-1992,75,5346.08,762718.62,Postpaid 2YR,Cash,No,21,1
SUB-1993,101,9110.62,715643.84,Prepaid,Cash,Yes,17,1
SUB-1994,82,5152.92,955058.71,Postpaid 1YR,Credit Card,Yes,47,0
SUB-1995,113,3156.07,250413.56,Prepaid,Cash,No,35,1
SUB-1996,17,171.79,268263.6,Prepaid,Credit Card,No,37,1
SUB-1997,18,1849.66,325539.39,Prepaid,Cash,No,4,1
SUB-1998,1,475.71,766665.72,Postpaid 2YR,Cash,No,44,0
SUB-1999,94,1883.24,972594.28,Postpaid 2YR,Credit Card,Yes,41,0
SUB-2000,110,3262.36,703484.71,Postpaid 2YR,Credit Card,No,39,1
SUB-2001,41,5595.48,310583.4,Postpaid 1YR,Bank Transfer,No,39,0
SUB-2002,107,1824.13,489510.81,Postpaid 1YR,Cash,Yes,34,1
SUB-2003,8,6833.63,470796.32,Postpaid 2YR,Cash,No,32,1
SUB-2004,0,7437.54,505814.11,Postpaid 1YR,Cash,Yes,42,0
SUB-2005,13,6484.07,813899.31,Postpaid 1YR,Cash,No,45,1
SUB-2006,54,9927.06,133347.07,Prepaid,Credit Card,Yes,31,1
SUB-2007,104,3649.34,152230.28,Prepaid,Bank Transfer,No,43,1
SUB-2008,26,8107.48,159266.08,Postpaid 2YR,Credit Card,Yes,18,0
SUB-2009,112,1731.66,370815.26,Postpaid 1YR,Credit Card,Yes,49,0
SUB-2010,71,5234.92,695473.87,Prepaid,Bank Transfer,No,19,0
SUB-2011,90,7302.92,717209.09,Prepaid,Bank Transfer,Yes,12,0
SUB-2012,84,6485.71,455794.97,Postpaid 2YR,Credit Card,No,30,1
SUB-2013,106,3720.22,563567.64,Prepaid,Bank Transfer,No,20,0
SUB-2014,70,3590.86,744156.87,Postpaid 1YR,Cash,No,11,0
SUB-2015,32,1263.43,122081.74,Postpaid 1YR,Bank Transfer,No,39,0
SUB-2016,78,2866.28,817217.04,Prepaid,Bank Transfer,Yes,43,0
SUB-2017,62,4564.75,47274.3,Prepaid,Credit Card,No,46,1
SUB-2018,109,9548.65,341673.15,Prepaid,Bank Transfer,No,18,1
SUB-2019,28,6605.61,800621.55,Postpaid 1YR,Bank Transfer,Yes,8,1
SUB-2020,70,2846.93,527627.5,Postpaid 2YR,Bank Transfer,No,14,0
